--Tabele i insert into sam pravio rucno pa mozda ima gresaka, ali je dovoljno dobro da se testiraju resenja
CREATE TABLE KLIJENT
(
    ID NUMBER(10) NOT NULL CONSTRAINT KLIJENT_PK PRIMARY KEY,
    IME VARCHAR(30),
    PREZIME VARCHAR(30),
    POL CHAR,
    ADRESA VARCHAR(50),
    DRZAVA VARCHAR(40)
);

INSERT INTO KLIJENT VALUES (1, 'Ivan', 'Ivanovic', 'M', 'Nemanjina 10', 'Srbija');
INSERT INTO KLIJENT VALUES (2, 'Marko', 'Markovic', 'M', 'Bulevar kralja Aleksandra 50', 'Srbija');
INSERT INTO KLIJENT VALUES (3, 'Ana', 'Anic', 'Z', 'Ilica 20', 'Hrvatska');
INSERT INTO KLIJENT VALUES (4, 'Petra', 'Petrovic', 'Z', 'Njegoseva 5', 'Crna Gora');
INSERT INTO KLIJENT VALUES (5, 'Milan', 'Milic', 'M', 'Zmaj Jovina 3', 'Srbija');

CREATE TABLE VOZILO
(
    ID NUMBER(10) NOT NULL CONSTRAINT VOZILO_PK PRIMARY KEY,
    PROIZVODJAC VARCHAR(50),
    VMODEL VARCHAR(50),
    KILOMETRAZA NUMBER(7),
    ZAPREMINA_MOTORA NUMBER(4),
    REGISTRACIJA VARCHAR(20)
);

INSERT INTO VOZILO VALUES (1, 'Fiat', 'Punto', 120000, 1242, 'BG-101-AA');
INSERT INTO VOZILO VALUES (2, 'Volkswagen', 'Golf', 90000, 1600, 'NS-202-BB');
INSERT INTO VOZILO VALUES (3, 'Fiat', 'Punto', 150000, 1368, 'NI-303-CC');
INSERT INTO VOZILO VALUES (4, 'Toyota', 'Yaris', 60000, 1300, 'BG-404-DD');

CREATE TABLE KLIJENT_VOZILO
(
    KLIJENT_ID NUMBER(10) NOT NULL CONSTRAINT KLIJENT_FK REFERENCES KLIJENT(ID),
    VOZILO_ID NUMBER(10) NOT NULL CONSTRAINT VOZILO_FK REFERENCES VOZILO(ID)
);

INSERT INTO KLIJENT_VOZILO VALUES (1, 1);
INSERT INTO KLIJENT_VOZILO VALUES (1, 2);
INSERT INTO KLIJENT_VOZILO VALUES (2, 1);
INSERT INTO KLIJENT_VOZILO VALUES (2, 3);
INSERT INTO KLIJENT_VOZILO VALUES (2, 4);
INSERT INTO KLIJENT_VOZILO VALUES (3, 2);
INSERT INTO KLIJENT_VOZILO VALUES (4, 4);
INSERT INTO KLIJENT_VOZILO VALUES (5, 3);
