CREATE TABLE ZAPOSLENI
(
    JMBG CHAR(13) NOT NULL CONSTRAINT ZAPOSLENI_PK PRIMARY KEY,
    IME VARCHAR(20),
    PREZIME VARCHAR(30),
    ULICA VARCHAR(50),
    BROJ NUMBER(3),
    MESTO VARCHAR(30),
    PLATA NUMBER(7) CONSTRAINT PLATA_CK CHECK(PLATA >= 60000)
);

INSERT INTO ZAPOSLENI VALUES ('1111111111111', 'Marko', 'Markovic', 'Nemanjina', 10, 'Nis', 75000);
INSERT INTO ZAPOSLENI VALUES ('2222222222222', 'Jelena', 'Petrovic', 'Cara Dusana', 5, 'Beograd', 82000);
INSERT INTO ZAPOSLENI VALUES ('3333333333333', 'Ivan', 'Jovanovic', 'Bulevar', 12, 'Nis', 90000);
INSERT INTO ZAPOSLENI VALUES ('4444444444444', 'Ana', 'Stojanovic', 'Glavna', 3, 'Kragujevac', 70000);
INSERT INTO ZAPOSLENI VALUES ('5555555555555', 'Nikola', 'Ilic', 'Zelena', 8, 'Nis', 95000);

CREATE TABLE KOMPANIJA
(
    IDK NUMBER(10) NOT NULL CONSTRAINT KOMPANIJA_PK PRIMARY KEY,
    IMEK VARCHAR(20),
    GODINA_OSN NUMBER(4),
    PIB CHAR(9),
    ADRESA VARCHAR(100)
);

INSERT INTO KOMPANIJA VALUES (1, 'Niska Pivara', 1995, '123456789', 'Industrijska 1, Nis');
INSERT INTO KOMPANIJA VALUES (2, 'Fresh Drinks', 2005, '987654321', 'Bulevar 10, Beograd');
INSERT INTO KOMPANIJA VALUES (3, 'Juice Factory', 1990, '456789123', 'Zona Jug, Nis');

CREATE TABLE RADNO_MESTO
(
    IDK NUMBER(10) NOT NULL CONSTRAINT KOMPANIJA_FK REFERENCES KOMPANIJA(IDK),
    ZJMBG CHAR(13) NOT NULL CONSTRAINT ZAPOSLENI_FK REFERENCES ZAPOSLENI(JMBG),
    POZICIJA VARCHAR(20) NOT NULL,
    DATUMOD DATE NOT NULL,
    DATUMDO DATE,
    CONSTRAINT RM_PK PRIMARY KEY(IDK, ZJMBG, POZICIJA, DATUMOD)
);

INSERT INTO RADNO_MESTO VALUES (1, '1111111111111', 'Radnik', DATE '2018-01-01', DATE '2019-06-01');
INSERT INTO RADNO_MESTO VALUES (1, '1111111111111', 'Prodavac', DATE '2019-06-02', NULL);
INSERT INTO RADNO_MESTO VALUES (2, '2222222222222', 'Administracija', DATE '2020-03-01', NULL);
INSERT INTO RADNO_MESTO VALUES (3, '3333333333333', 'Radnik', DATE '2016-01-01', DATE '2018-01-01');
INSERT INTO RADNO_MESTO VALUES (3, '3333333333333', 'Prodavac', DATE '2018-01-02', DATE '2020-01-01');
INSERT INTO RADNO_MESTO VALUES (3, '3333333333333', 'Menadzer', DATE '2020-01-02', NULL);
INSERT INTO RADNO_MESTO VALUES (2, '4444444444444', 'Prodavac', DATE '2017-01-01', DATE '2019-01-01');
INSERT INTO RADNO_MESTO VALUES (1, '5555555555555', 'Radnik', DATE '2015-01-01', DATE '2018-01-01');
INSERT INTO RADNO_MESTO VALUES (1, '5555555555555', 'Prodavac', DATE '2018-01-02', NULL);